
insert into bases (id, created_at, updated_at, region, district, group_id) values
                                                                               ('10000000-0000-0000-0000-000000000001', '2024-01-03 09:00:00', '2024-01-03 09:00:00', 'Tashkent',  'Chilonzor', 'GRP-1'),
                                                                               ('10000000-0000-0000-0000-000000000002', '2024-01-04 09:20:00', '2024-01-04 09:20:00', 'Tashkent',  'Yunusobod', 'GRP-2'),
                                                                               ('10000000-0000-0000-0000-000000000003', '2024-01-05 10:00:00', '2024-01-05 10:00:00', 'Samarkand', 'Siab',      'GRP-3'),
                                                                               ('10000000-0000-0000-0000-000000000004', '2024-01-06 10:30:00', '2024-01-06 10:30:00', 'Bukhara',   'Kogon',     'GRP-4'),
                                                                               ('10000000-0000-0000-0000-000000000005', '2024-01-07 11:00:00', '2024-01-07 11:00:00', 'Namangan',  'Chortoq',   'GRP-5'),
                                                                               ('10000000-0000-0000-0000-000000000006', '2024-01-08 11:20:00', '2024-01-08 11:20:00', 'Andijan',   'Asaka',     'GRP-6'),
                                                                               ('10000000-0000-0000-0000-000000000007', '2024-01-09 11:45:00', '2024-01-09 11:45:00', 'Fergana',   'Margilan',  'GRP-7'),
                                                                               ('10000000-0000-0000-0000-000000000008', '2024-01-10 12:10:00', '2024-01-10 12:10:00', 'Khorezm',   'Urganch',   'GRP-8'),
                                                                               ('10000000-0000-0000-0000-000000000009', '2024-01-11 12:40:00', '2024-01-11 12:40:00', 'Jizzakh',   'Gallaorol', 'GRP-9'),
                                                                               ('10000000-0000-0000-0000-000000000010', '2024-01-12 13:00:00', '2024-01-12 13:00:00', 'Navoiy',    'Karmana',   'GRP-10');


insert into users (id, created_at, updated_at, first_name, last_name, phone_number, email, role, is_active, password) values
                                                                                                                          ('20000000-0000-0000-0000-000000000001', '2024-01-02 08:30:00', '2024-01-02 08:30:00', 'Abdulloh', 'Karimov',     '+998900000001', 'admin11@gmail.com',                 'ADMIN', true, '$2a$10$7EqJtq98hPqEX7fNZaFWoOHi4uU3L0eD6/rs24kTx5cDIeEJD7BqK'),

                                                                                                                          ('30000000-0000-0000-0000-000000000001', '2024-01-13 09:10:00', '2024-01-13 09:10:00', 'Jasur',    'Toshpulatov', '+998900000101', 'jasur.toshpulatov@gmail.com',    'AGENT', true, '$2a$10$7EqJtq98hPqEX7fNZaFWoOHi4uU3L0eD6/rs24kTx5cDIeEJD7BqK'),
                                                                                                                          ('30000000-0000-0000-0000-000000000002', '2024-01-14 09:25:00', '2024-01-14 09:25:00', 'Dilshod',  'Rakhimov',    '+998900000102', 'dilshod.rakhimov@gmail.com',     'AGENT', true, '$2a$10$7EqJtq98hPqEX7fNZaFWoOHi4uU3L0eD6/rs24kTx5cDIeEJD7BqK'),
                                                                                                                          ('30000000-0000-0000-0000-000000000003', '2024-01-15 09:40:00', '2024-01-15 09:40:00', 'Sardor',   'Ismoilov',    '+998900000103', 'sardor.ismoilov@gmail.com',      'AGENT', true, '$2a$10$7EqJtq98hPqEX7fNZaFWoOHi4uU3L0eD6/rs24kTx5cDIeEJD7BqK'),
                                                                                                                          ('30000000-0000-0000-0000-000000000004', '2024-01-16 10:00:00', '2024-01-16 10:00:00', 'Azizbek',  'Yusupov',     '+998900000104', 'azizbek.yusupov@gmail.com',      'AGENT', true, '$2a$10$7EqJtq98hPqEX7fNZaFWoOHi4uU3L0eD6/rs24kTx5cDIeEJD7BqK'),
                                                                                                                          ('30000000-0000-0000-0000-000000000005', '2024-01-17 10:15:00', '2024-01-17 10:15:00', 'Bekzod',   'Nazarov',     '+998900000105', 'bekzod.nazarov@gmail.com',       'AGENT', true, '$2a$10$7EqJtq98hPqEX7fNZaFWoOHi4uU3L0eD6/rs24kTx5cDIeEJD7BqK'),
                                                                                                                          ('30000000-0000-0000-0000-000000000006', '2024-01-18 10:35:00', '2024-01-18 10:35:00', 'Oybek',    'Turgunov',    '+998900000106', 'oybek.turgunov@gmail.com',       'AGENT', true, '$2a$10$7EqJtq98hPqEX7fNZaFWoOHi4uU3L0eD6/rs24kTx5cDIeEJD7BqK'),
                                                                                                                          ('30000000-0000-0000-0000-000000000007', '2024-01-19 10:50:00', '2024-01-19 10:50:00', 'Shoxrux',  'Abdullayev',  '+998900000107', 'shoxrux.abdullayev@gmail.com',   'AGENT', true, '$2a$10$7EqJtq98hPqEX7fNZaFWoOHi4uU3L0eD6/rs24kTx5cDIeEJD7BqK'),
                                                                                                                          ('30000000-0000-0000-0000-000000000008', '2024-01-20 11:10:00', '2024-01-20 11:10:00', 'Mirjalol', 'Qodirov',     '+998900000108', 'mirjalol.qodirov@gmail.com',     'AGENT', true, '$2a$10$7EqJtq98hPqEX7fNZaFWoOHi4uU3L0eD6/rs24kTx5cDIeEJD7BqK'),
                                                                                                                          ('30000000-0000-0000-0000-000000000009', '2024-01-21 11:25:00', '2024-01-21 11:25:00', 'Diyor',    'Rustamov',    '+998900000109', 'diyor.rustamov@gmail.com',       'AGENT', true, '$2a$10$7EqJtq98hPqEX7fNZaFWoOHi4uU3L0eD6/rs24kTx5cDIeEJD7BqK'),
                                                                                                                          ('30000000-0000-0000-0000-000000000010', '2024-01-22 11:40:00', '2024-01-22 11:40:00', 'Umid',     'Saidov',      '+998900000110', 'umid.saidov@gmail.com',          'AGENT', true, '$2a$10$7EqJtq98hPqEX7fNZaFWoOHi4uU3L0eD6/rs24kTx5cDIeEJD7BqK');

insert into admins (id) values
    ('20000000-0000-0000-0000-000000000001');


insert into agents (id, base_id) values
                                     ('30000000-0000-0000-0000-000000000001', '10000000-0000-0000-0000-000000000001'),
                                     ('30000000-0000-0000-0000-000000000002', '10000000-0000-0000-0000-000000000002'),
                                     ('30000000-0000-0000-0000-000000000003', '10000000-0000-0000-0000-000000000003'),
                                     ('30000000-0000-0000-0000-000000000004', '10000000-0000-0000-0000-000000000004'),
                                     ('30000000-0000-0000-0000-000000000005', '10000000-0000-0000-0000-000000000005'),
                                     ('30000000-0000-0000-0000-000000000006', '10000000-0000-0000-0000-000000000006'),
                                     ('30000000-0000-0000-0000-000000000007', '10000000-0000-0000-0000-000000000007'),
                                     ('30000000-0000-0000-0000-000000000008', '10000000-0000-0000-0000-000000000008'),
                                     ('30000000-0000-0000-0000-000000000009', '10000000-0000-0000-0000-000000000009'),
                                     ('30000000-0000-0000-0000-000000000010', '10000000-0000-0000-0000-000000000010');


insert into clients (id, created_at, updated_at, first_name, last_name, status, group_id, client_type, phone_number, baza_id) values
                                                                                                                                  ('40000000-0000-0000-0000-000000000001', '2024-01-23 09:05:00', '2024-01-23 09:05:00', 'Alisher',   'Karimov',    'ACTIVE', 'GRP-1',  'VIP',      '+998901111001', '10000000-0000-0000-0000-000000000001'),
                                                                                                                                  ('40000000-0000-0000-0000-000000000002', '2024-01-24 09:15:00', '2024-01-24 09:15:00', 'Jamshid',   'Tursunov',   'ACTIVE', 'GRP-2',  'STANDARD', '+998901111002', '10000000-0000-0000-0000-000000000002'),
                                                                                                                                  ('40000000-0000-0000-0000-000000000003', '2024-01-25 09:25:00', '2024-01-25 09:25:00', 'Shahzod',   'Rakhmonov',  'ACTIVE', 'GRP-3',  'VIP',      '+998901111003', '10000000-0000-0000-0000-000000000003'),
                                                                                                                                  ('40000000-0000-0000-0000-000000000004', '2024-01-26 09:40:00', '2024-01-26 09:40:00', 'Akmal',     'Yuldashev',  'ACTIVE', 'GRP-4',  'STANDARD', '+998901111004', '10000000-0000-0000-0000-000000000004'),
                                                                                                                                  ('40000000-0000-0000-0000-000000000005', '2024-01-27 10:00:00', '2024-01-27 10:00:00', 'Rustam',    'Beknazarov', 'ACTIVE', 'GRP-5',  'VIP',      '+998901111005', '10000000-0000-0000-0000-000000000005'),
                                                                                                                                  ('40000000-0000-0000-0000-000000000006', '2024-01-28 10:20:00', '2024-01-28 10:20:00', 'Suhrob',    'Qodirov',    'ACTIVE', 'GRP-6',  'STANDARD', '+998901111006', '10000000-0000-0000-0000-000000000006'),
                                                                                                                                  ('40000000-0000-0000-0000-000000000007', '2024-01-29 10:35:00', '2024-01-29 10:35:00', 'Baxtiyor',  'Islomov',    'ACTIVE', 'GRP-7',  'VIP',      '+998901111007', '10000000-0000-0000-0000-000000000007'),
                                                                                                                                  ('40000000-0000-0000-0000-000000000008', '2024-01-30 10:50:00', '2024-01-30 10:50:00', 'Kamol',     'Xolmatov',   'ACTIVE', 'GRP-8',  'STANDARD', '+998901111008', '10000000-0000-0000-0000-000000000008'),
                                                                                                                                  ('40000000-0000-0000-0000-000000000009', '2024-01-31 11:05:00', '2024-01-31 11:05:00', 'Farhod',    'Murodov',    'ACTIVE', 'GRP-9',  'VIP',      '+998901111009', '10000000-0000-0000-0000-000000000009'),
                                                                                                                                  ('40000000-0000-0000-0000-000000000010', '2024-02-01 11:20:00', '2024-02-01 11:20:00', 'Zafar',     'Ergashev',   'ACTIVE', 'GRP-10', 'STANDARD', '+998901111010', '10000000-0000-0000-0000-000000000010');


insert into currency (id, created_at, updated_at, usd, uz_cache, uz_terminal, uz_bank, uz_click) values
                                                                                                     ('50000000-0000-0000-0000-000000000001', '2024-02-01 08:00:00', '2024-02-01 08:00:00', '1', 12450, 12500, 12530, 12510),
                                                                                                     ('50000000-0000-0000-0000-000000000002', '2024-02-02 08:00:00', '2024-02-02 08:00:00', '1', 12480, 12520, 12550, 12540),
                                                                                                     ('50000000-0000-0000-0000-000000000003', '2024-02-03 08:00:00', '2024-02-03 08:00:00', '1', 12510, 12560, 12580, 12570),
                                                                                                     ('50000000-0000-0000-0000-000000000004', '2024-02-04 08:00:00', '2024-02-04 08:00:00', '1', 12530, 12580, 12610, 12590),
                                                                                                     ('50000000-0000-0000-0000-000000000005', '2024-02-05 08:00:00', '2024-02-05 08:00:00', '1', 12550, 12600, 12630, 12620),
                                                                                                     ('50000000-0000-0000-0000-000000000006', '2024-02-06 08:00:00', '2024-02-06 08:00:00', '1', 12570, 12620, 12650, 12630),
                                                                                                     ('50000000-0000-0000-0000-000000000007', '2024-02-07 08:00:00', '2024-02-07 08:00:00', '1', 12590, 12640, 12670, 12660),
                                                                                                     ('50000000-0000-0000-0000-000000000008', '2024-02-08 08:00:00', '2024-02-08 08:00:00', '1', 12610, 12660, 12690, 12680),
                                                                                                     ('50000000-0000-0000-0000-000000000009', '2024-02-09 08:00:00', '2024-02-09 08:00:00', '1', 12630, 12680, 12710, 12700),
                                                                                                     ('50000000-0000-0000-0000-000000000010', '2024-02-10 08:00:00', '2024-02-10 08:00:00', '1', 12650, 12700, 12730, 12720);


insert into transaction_income (id, created_at, updated_at, agent_id, client_id, description, total) values
                                                                                                         ('60000000-0000-0000-0000-000000000001', '2024-02-11 10:15:00', '2024-02-11 10:15:00', '30000000-0000-0000-0000-000000000001', '40000000-0000-0000-0000-000000000001', 'Advance payment for furniture order',                120.00),
                                                                                                         ('60000000-0000-0000-0000-000000000002', '2024-02-12 11:00:00', '2024-02-12 11:00:00', '30000000-0000-0000-0000-000000000002', '40000000-0000-0000-0000-000000000002', 'Full payment for home appliance purchase',          200.00),
                                                                                                         ('60000000-0000-0000-0000-000000000003', '2024-02-13 11:40:00', '2024-02-13 11:40:00', '30000000-0000-0000-0000-000000000003', '40000000-0000-0000-0000-000000000003', 'Installment payment for renovation materials',     150.00),
                                                                                                         ('60000000-0000-0000-0000-000000000004', '2024-02-14 12:20:00', '2024-02-14 12:20:00', '30000000-0000-0000-0000-000000000004', '40000000-0000-0000-0000-000000000004', 'Bank transfer for office equipment purchase',      400.00),
                                                                                                         ('60000000-0000-0000-0000-000000000005', '2024-02-15 13:10:00', '2024-02-15 13:10:00', '30000000-0000-0000-0000-000000000005', '40000000-0000-0000-0000-000000000005', 'Click payment for service contract',                250.00),
                                                                                                         ('60000000-0000-0000-0000-000000000006', '2024-02-16 14:00:00', '2024-02-16 14:00:00', '30000000-0000-0000-0000-000000000006', '40000000-0000-0000-0000-000000000006', 'Cash payment for electronics purchase',            180.00),
                                                                                                         ('60000000-0000-0000-0000-000000000007', '2024-02-17 14:45:00', '2024-02-17 14:45:00', '30000000-0000-0000-0000-000000000007', '40000000-0000-0000-0000-000000000007', 'Terminal payment for household goods',             320.00),
                                                                                                         ('60000000-0000-0000-0000-000000000008', '2024-02-18 15:20:00', '2024-02-18 15:20:00', '30000000-0000-0000-0000-000000000008', '40000000-0000-0000-0000-000000000008', 'Advance payment for interior design project',      500.00),
                                                                                                         ('60000000-0000-0000-0000-000000000009', '2024-02-19 16:05:00', '2024-02-19 16:05:00', '30000000-0000-0000-0000-000000000009', '40000000-0000-0000-0000-000000000009', 'Bank payment for construction materials',          600.00),
                                                                                                         ('60000000-0000-0000-0000-000000000010', '2024-02-20 16:40:00', '2024-02-20 16:40:00', '30000000-0000-0000-0000-000000000010', '40000000-0000-0000-0000-000000000010', 'Final payment for kitchen equipment installation', 700.00);

insert into unit_transactions (id, created_at, updated_at, amount, transaction_type, transaction_income_id, currency, usd_amount) values
                                                                                                                                      ('70000000-0000-0000-0000-000000000001', '2024-02-11 10:17:00', '2024-02-11 10:17:00', 753000.00,  'CACHE',    '60000000-0000-0000-0000-000000000001', 'UZS',  60.00),
                                                                                                                                      ('70000000-0000-0000-0000-000000000002', '2024-02-11 10:19:00', '2024-02-11 10:19:00', 60.00,      'TERMINAL', '60000000-0000-0000-0000-000000000001', 'USD',  60.00),

                                                                                                                                      ('70000000-0000-0000-0000-000000000003', '2024-02-12 11:03:00', '2024-02-12 11:03:00', 100.00,     'BANK',     '60000000-0000-0000-0000-000000000002', 'USD', 100.00),
                                                                                                                                      ('70000000-0000-0000-0000-000000000004', '2024-02-12 11:06:00', '2024-02-12 11:06:00', 1250000.00, 'CLICK',    '60000000-0000-0000-0000-000000000002', 'UZS', 100.00),

                                                                                                                                      ('70000000-0000-0000-0000-000000000005', '2024-02-13 11:43:00', '2024-02-13 11:43:00', 942000.00,  'CLICK',    '60000000-0000-0000-0000-000000000003', 'UZS',  75.00),
                                                                                                                                      ('70000000-0000-0000-0000-000000000006', '2024-02-13 11:47:00', '2024-02-13 11:47:00', 75.00,      'CACHE',    '60000000-0000-0000-0000-000000000003', 'USD',  75.00),

                                                                                                                                      ('70000000-0000-0000-0000-000000000007', '2024-02-14 12:24:00', '2024-02-14 12:24:00', 200.00,     'BANK',     '60000000-0000-0000-0000-000000000004', 'USD', 200.00),
                                                                                                                                      ('70000000-0000-0000-0000-000000000008', '2024-02-14 12:28:00', '2024-02-14 12:28:00', 2522000.00, 'TERMINAL', '60000000-0000-0000-0000-000000000004', 'UZS', 200.00),

                                                                                                                                      ('70000000-0000-0000-0000-000000000009', '2024-02-15 13:13:00', '2024-02-15 13:13:00', 125.00,     'CLICK',    '60000000-0000-0000-0000-000000000005', 'USD', 125.00),
                                                                                                                                      ('70000000-0000-0000-0000-000000000010', '2024-02-15 13:16:00', '2024-02-15 13:16:00', 1577500.00, 'CACHE',    '60000000-0000-0000-0000-000000000005', 'UZS', 125.00),

                                                                                                                                      ('70000000-0000-0000-0000-000000000011', '2024-02-16 14:04:00', '2024-02-16 14:04:00', 1131300.00, 'CACHE',    '60000000-0000-0000-0000-000000000006', 'UZS',  90.00),
                                                                                                                                      ('70000000-0000-0000-0000-000000000012', '2024-02-16 14:08:00', '2024-02-16 14:08:00', 90.00,      'BANK',     '60000000-0000-0000-0000-000000000006', 'USD',  90.00),

                                                                                                                                      ('70000000-0000-0000-0000-000000000013', '2024-02-17 14:49:00', '2024-02-17 14:49:00', 160.00,     'TERMINAL', '60000000-0000-0000-0000-000000000007', 'USD', 160.00),
                                                                                                                                      ('70000000-0000-0000-0000-000000000014', '2024-02-17 14:53:00', '2024-02-17 14:53:00', 2022400.00, 'CLICK',    '60000000-0000-0000-0000-000000000007', 'UZS', 160.00),

                                                                                                                                      ('70000000-0000-0000-0000-000000000015', '2024-02-18 15:24:00', '2024-02-18 15:24:00', 250.00,     'BANK',     '60000000-0000-0000-0000-000000000008', 'USD', 250.00),
                                                                                                                                      ('70000000-0000-0000-0000-000000000016', '2024-02-18 15:28:00', '2024-02-18 15:28:00', 3167500.00, 'TERMINAL', '60000000-0000-0000-0000-000000000008', 'UZS', 250.00),

                                                                                                                                      ('70000000-0000-0000-0000-000000000017', '2024-02-19 16:09:00', '2024-02-19 16:09:00', 300.00,     'BANK',     '60000000-0000-0000-0000-000000000009', 'USD', 300.00),
                                                                                                                                      ('70000000-0000-0000-0000-000000000018', '2024-02-19 16:12:00', '2024-02-19 16:12:00', 3801000.00, 'CACHE',    '60000000-0000-0000-0000-000000000009', 'UZS', 300.00),

                                                                                                                                      ('70000000-0000-0000-0000-000000000019', '2024-02-20 16:44:00', '2024-02-20 16:44:00', 350.00,     'TERMINAL', '60000000-0000-0000-0000-000000000010', 'USD', 350.00),
                                                                                                                                      ('70000000-0000-0000-0000-000000000020', '2024-02-20 16:48:00', '2024-02-20 16:48:00', 4455500.00, 'BANK',     '60000000-0000-0000-0000-000000000010', 'UZS', 350.00);